연도,번호,구분,종목,업종,증권사,수요예측_경쟁률,밴드상단_초과비율,일반청약_경쟁률,의무확약비율_전,의무확약비율_후,유통주식수_비율,유통주식_비율_후,시가총액_억원,환매청구권,특이점,공모가,시초가,시초가_수익률,첫날_종가,종가_수익률,평균_매도가,수익률,수익금,세금_고려
2026,1,일반,덕양에너젠,가스 제조 및 배관공급,"NH, 미래",650.14,,1354.44,0.1438,0.6833,0.3232567513099557,0.1654,2481.0,,기존주주 비중 유통물량 대비 6%,10000.0,21050.0,1.105,34850.0,0.6555819477434679,21100.0,1.11,287489.0,
2026,2,일반,케이벵크,인터넷은행,"NH, 삼증, 신한",198.53,,134.59,0.1239,0.5095,0.3635,0.3356,33673.0,,,8300.0,9000.0,0.0843373493975903,8330.0,-0.0744444444444444,9710.0,0.1698795180722891,58310.0,
2026,3,일반,액스비스,고출력레이저,미래에셋,1124.21,,2711.06,0.757,0.9613,0.3305,0.1528,1073.0,,,11500.0,46000.0,3.0,46000.0,0.0,46950.0,3.082608695652174,353546.0,
2026,4,일반,에스팀,콘텐츠,한투,1334.91,,1950.4,0.4245,0.8293,0.3469,0.218,738.0,,,8500.0,30650.0,2.6058823529411765,34000.0,0.1092985318107667,33950.0,2.9941176470588236,203048.0,
2026,5,일반,카나프테라퓨틱스,바이오,한투,962.1,,1899.29,0.761,0.9539,0.4069,0.299112311848707,2591.0,,,20000.0,68100.0,2.405,50600.0,-0.2569750367107195,63200.0,2.16,388800.0,
2026,6,일반,아이엠바이오로직스,바이오,"한투, 신한",839.23,,1806.1,0.7601,0.9652,0.2382,0.1402915148360229,3842.0,,,26000.0,104000.0,3.0,104000.0,0.0,101400.0,2.9,451162.0,
2026,7,일반,메쥬,의료기기,신한투자,1108.93,,2428.25,0.754,0.9666,0.3296,0.2293,2099.0,,,21600.0,66000.0,2.0555555555555554,39000.0,-0.4090909090909091,66400.0,2.074074074074074,222716.0,
2026,8,일반,한패스,금융서비스,"한투, 대신",1172.59,,1672.64,0.2743,0.8297,0.3163,0.2516,2008.68,,,19000.0,37100.0,0.9526315789473684,27200.0,-0.2668463611859838,38000.0,1.0,94614.0,
2026,9,일반,리센스메디컬,의료기기,"KB, 한투",1352.63,,2097.68,0.639,0.9416,0.3169,0.2258,1194.0,유,환매청구권,11000.0,37600.0,2.418181818181818,18450.0,-0.5093085106382979,39050.0,2.55,83912.0,
2026,10,일반,인벤테라,,"NH, 유진",1328.82,,1913.44,0.4306,0.828,0.2987,0.2119,1305.0,,,16600.0,39150.0,1.358433734939759,35250.0,-0.0996168582375478,40250.0,1.4246987951807228,70709.0,
2026,11,일반,채비,전기차충전,"kb, 삼증, 대신, 하나",55.23,,302.0,0.0649,0.149,0.2526,0.2103,5754.0,,,12300.0,15250.0,0.2398373983739837,22550.0,0.4786885245901639,,,,
2026,12,일반,코스모로보틱스,로보틱스,"유진, nh, 유안타",1140.11,,2105.04,0.7303,0.9763,0.3206,0.232,1927.0,유,환매청구권,6000.0,23500.0,2.9166666666666665,24000.0,0.0212765957446808,23500.0,2.9166666666666665,191973.0,
2026,13,일반,폴레드,유아용품,nh투자,1486.66,,3169.86,0.6724,0.8612,0.2794,0.2120730738681493,1259.0,,,5000.0,20000.0,3.0,20000.0,0.0,22450.0,3.49,174051.0,
2026,14,일반,마키나락스,ai모델 개발,"미래에셋, 현대차",1196.08,,2807.79,0.7817,0.982,0.3948,0.2940326871911821,2631.0,,,15000.0,60000.0,3.0,60000.0,0.0,66000.0,3.4,457791.0,
2026,15,일반,피스피스스튜디오,봉제의복,"NH, 미래",847.76,,1191.94,0.0557,0.7455,0.4063,0.3164806303348654,3046.0,,,21500.0,32000.0,0.4883720930232558,13730.0,-0.5709375,32000.0,0.4883720930232558,10435.0,
2026,16,일반,져스텍,모터정밀제어,삼성증권,1294.99,,2783.89,0.472,0.792,0.2939,0.2176,1506.0,,,12500.0,35350.0,1.828,17530.0,-0.5041018387553041,36900.0,1.952,170275.0,
2026,17,일반,스트라드비젼,자율주행,kb증권,381.3,,45.83,0.0277,0.3303,0.4891,0.4557674273210378,6398.0,,공모가 하단,12000.0,11020.0,-0.0816666666666666,7200.0,-0.3466424682395644,,,,
2026,18,일반,매드업,ai마케팅,미래에셋,1396.29,,3304.76,0.2739,0.831,0.3087,0.2421,1500.0,유,환매청구권,8000.0,22250.0,1.78125,10080.0,-0.5469662921348315,21800.0,1.725,110046.0,
2026,19,일반,레몬헬스케어,소프트웨어,KB증권,1238.0,,1510.57,0.0692,0.7417,0.3319,0.2486,1335.0,,,10000.0,,-1.0,,,,-1.0,,
2026,20,일반,레메디,의료AI데이터,KB증권,1146.41,,1706.11,0.1793,,0.4103,,1579.0,,,20700.0,,-1.0,,,,-1.0,,
2026,21,스펙,SPEC,,,,,,,,,,,,단독 상장이냐가 중요,,,,,,,,,
2026,22,스펙,삼성증권 spec13호,,삼성증권,,,1870.38,,,,,,,단독 상장,2000.0,4890.0,1.445,7200.0,0.4723926380368098,4890.0,1.445,89283.0,
2026,23,스펙,NH spec33호,,nh투자,,,569.27,,,,,,,단독 상장,2000.0,3460.0,0.73,2660.0,-0.2312138728323699,3460.0,0.73,33421.0,
2026,24,스펙,신한제17호스팩,,신한투자,,,1403.74,,,,,,,단독 상장,2000.0,5760.0,1.88,2045.0,-0.6449652777777778,5760.0,1.88,119612.0,
2026,25,스펙,키움히어로스펙2호,스펙,키움증권,,,1727.59,,,,,,,단독 상장,2000.0,4790.0,1.395,2735.0,-0.4290187891440501,4800.0,1.4,133910.0,
2026,26,스펙,신한스펙18호,,신한투자,,,1601.36,,,,,,,단독 상장,2000.0,6070.0,2.035,2355.0,-0.6120263591433278,6180.0,2.09,120532.0,
2026,27,스펙,대신밸런스20호스펙,,대신증권,,,1468.88,,,,,,,단독 상장,2000.0,6200.0,2.1,1984.0,-0.68,5180.0,1.59,189566.0,
2026,28,스펙,메리츠스펙,,메리츠증권,,,1338.65,,,,,,,단독 상장,2000.0,3905.0,0.9525,1970.0,-0.4955185659411011,3900.0,0.95,147592.0,
2026,29,스펙,한투16호스펙,,한국투자,,,1274.77,,,,,,,스트라비전 공동,2000.0,4090.0,1.045,1941.0,-0.5254278728606357,4535.0,1.2675,98895.0,
2025,1,일반,아스테라시스,미용기기,DB투자증권,1242.4,,1791.34,0.0998,0.6482,0.3661,0.3208333333333333,1680.0,,,4600.0,7770.0,0.6891304347826087,6640.0,-0.1454311454311454,8760.0,0.9043478260869564,74880.0,
2025,2,일반,삼양엔씨캠,반도체 소재,KB증권,1242.26,,1282.0,0.0114,0.0379,0.196,0.193945613134941,1949.0,,,18000.0,23650.0,0.3138888888888889,17900.0,-0.2431289640591966,20000.0,0.1111111111111111,7880.0,
2025,3,일반,LG CNS,it,,114.38,,123.0,0.1057,0.213,0.2849,0.2879261389002982,55997.0,,,61900.0,60500.0,-0.0226171243941841,55800.0,-0.0776859504132231,,,,
2025,4,일반,위너스,배선부품,미래에셋,1155.04,,1747.74,0.0446,0.0085,0.2481,0.2199312714776632,582.0,,,8500.0,23450.0,1.758823529411765,34000.0,0.4498933901918976,23500.0,1.7647058823529411,209497.0,
2025,5,일반,엠디바이스,ssd,삼성증권,1366.65,,1696.19,0.049,0.194,0.5306,0.5158730158730159,882.0,유,환매청구권,8350.0,18000.0,1.155688622754491,11100.0,-0.3833333333333333,17990.0,1.154491017964072,96126.0,
2025,6,일반,서울보증보험,보험,"삼증, 미래",240.8,,8.59,0.1631,0.4865,0.1415,0.1200352558805707,18153.0,,3년간 배당 2천억,26000.0,28050.0,0.0788461538461538,32000.0,0.1408199643493761,,,,
2025,7,일반,한텍,화공/탱크,대신,951.52,,1397.21,0.1974,0.4954,0.2974,0.1873438800999167,1201.0,,,10800.0,25000.0,1.3148148148148149,26400.0,0.056,26800.0,1.4814814814814814,286326.0,
2025,8,일반,씨케이솔루션,2차전지 설비,NH투자,1020.35,,1320.7,0.0546,0.1841,0.2901,0.2774390243902439,1640.0,,,15000.0,27550.0,0.8366666666666667,18760.0,-0.3190562613430127,,,,
2025,9,일반,티엑스알로보틱스,물류자동화,"NH, 신한, 유진",862.62,,816.27,0.061,0.2036,0.1989,0.1686631528509822,2087.0,,,13500.0,21300.0,0.5777777777777777,20700.0,-0.028169014084507,25350.0,0.8777777777777778,153546.0,
2025,10,일반,더즌,소프트웨어,한국투자,461.95,,222.01,0.0072,0.0847,0.187,0.180188679245283,2265.0,,,9000.0,9270.0,0.03,8080.0,-0.128371089536138,,,,
2025,11,일반,에이유브랜즈,의류,한국투자,816.22,,969.32,0.0321,,0.1412,,2265.0,,,16000.0,28000.0,0.75,18050.0,-0.3553571428571428,,,,
2025,12,일반,한국피아이엠,부품?,IBK,1214.55,,1384.48,0.0555,0.0896,0.4457,0.431547619047619,672.0,,,11200.0,15370.0,0.3723214285714286,16100.0,0.0474951203643461,,,,
2025,13,일반,쎄크,의료장비,신영,1232.54,,933.6,0.0376,0.1781,0.3678,0.3516819571865443,1308.0,,,15000.0,20200.0,0.3466666666666667,13680.0,-0.3227722772277228,,,,
2025,14,일반,나우로보틱스,로봇,대신,1394.96,,1636.61,0.1359,0.3408,0.2735,0.2321219226260258,853.0,,,6800.0,17000.0,1.5,15400.0,-0.0941176470588235,17170.0,1.525,103105.0,
2025,15,일반,원일티엔아이,"LNG, 수소, 원자력",NH투자,1308.07,,1312.21,0.2334,0.5069,0.3094,0.2449160035366931,1131.0,,,13500.0,23600.0,0.7481481481481481,35900.0,0.5211864406779662,27000.0,1.0,67298.0,
2025,16,일반,오가노이드사이언스,의료,한국투자,1066.9,,858.55,0.0633,,0.2759,,1366.0,,,21000.0,25400.0,0.2095238095238095,32000.0,0.2598425196850393,,,,
2025,17,일반,이뮨온시아,의약,한국투자,897.45,,913.24,0.0822,0.4034,0.294,0.2560882800608828,2628.0,,,3600.0,5600.0,0.5555555555555556,7500.0,0.3392857142857143,,,,
2025,18,일반,바이오비쥬,화장품,대신,1094.25,,1133.52,0.1248,0.304,0.2817,0.2337472607742878,1369.0,,,9100.0,23000.0,1.5274725274725274,18480.0,-0.1965217391304347,24963.0,1.7431868131868131,299755.0,
2025,19,일반,달바글로벌,화장품,미래에셋,1140.88,,1112.03,0.2423,0.4074,0.3273,0.3174206448387903,8002.0,,,66300.0,118000.0,0.779788838612368,110100.0,-0.0669491525423728,121100.0,0.8265460030165912,109728.0,
2025,20,일반,인투셀,의약,미래에셋,1151.5,,2268.87,0.1196,0.292,0.3634,0.3444444444444444,2520.0,,,17000.0,37100.0,1.1823529411764706,33200.0,-0.105121293800539,36100.0,1.123529411764706,133312.0,
2025,21,일반,키스트론,케이블용 와이어,신한투자,1140.95,,2165.52,0.1495,0.2861,0.353,0.2772585669781931,642.0,,,3600.0,10670.0,1.9638888888888888,8210.0,-0.2305529522024367,10670.0,1.9638888888888888,203986.0,
2025,22,일반,링크솔루션,3D 프린터,신영증권,1159.43,,999.59,0.0183,0.0627,0.3634,0.3561964146531566,1283.0,,,23000.0,30000.0,0.3043478260869565,26250.0,-0.125,,,,
2025,23,일반,지씨지놈,유전체 검사 서비스,삼성증권,547.47,,484.09,0.0104,0.0143,0.425,0.42327829238824,2483.0,,,10500.0,14300.0,0.3619047619047619,11100.0,-0.2237762237762237,,,,
2025,24,일반,지에프씨생명과학,화장품소재,대신,1443.69,,2161.33,0.1388,0.3382,0.4134,0.3754693366708385,799.0,,,15300.0,29750.0,0.9444444444444444,32550.0,0.0941176470588235,27950.0,0.826797385620915,50213.0,
2025,25,일반,뉴엔에이아이,빅데이터,"NH, 신한",995.61,,1541.51,0.1718,0.4403,0.2799,0.1998497370398196,1331.0,,,15000.0,36900.0,1.46,38400.0,0.040650406504065,37450.0,1.4966666666666666,134363.0,
2025,26,일반,싸이닉솔루션,반도체 디자인솔루션,대신,1289.62,,2148.34,0.0791,0.235,0.323,0.29702434625789,1109.0,,,4700.0,10080.0,1.1446808510638298,7960.0,-0.2103174603174603,10190.0,1.168085106382979,87275.0,
2025,27,일반,아우토크립트,사이버보안,대신,995.338,,,0.0528,,0.359,,2105.0,유,환매청구권,22000.0,31750.0,0.4431818181818182,30850.0,-0.0283464566929133,,,,
2025,28,일반,도우인시스,폴더블utg부품,키움,785.41,,,0.0358,,0.2657,,3443.0,,,32000.0,54400.0,0.7,44350.0,-0.1847426470588235,,,,
2025,29,일반,뉴로핏,의료ai,미래에셋,1087.6,,1922.75,0.1208,0.283,0.3591,0.323038605230386,1606.0,,,14000.0,28600.0,1.042857142857143,20300.0,-0.2902097902097902,28600.0,1.042857142857143,160118.0,
2025,30,일반,엔알비,건설모듈러,"nh, kb",800.83,,577.49,0.0077,0.021,0.3124,0.3093108169785486,2191.0,,,21000.0,21300.0,0.0142857142857142,16660.0,-0.2178403755868544,,,,
2025,31,일반,프로티나,의료ai,한국투자,1199.2,,1797.61,0.0811,0.4569,0.3149,0.268389662027833,1509.0,,,14000.0,23750.0,0.6964285714285714,17550.0,-0.2610526315789473,23350.0,0.6678571428571428,65200.0,
2025,32,일반,대한조선,조선,"KB, nh",275.66,,238.1,0.5686,0.8008,0.2202,0.1263,19263.0,,,50000.0,89100.0,0.782,92400.0,0.037037037037037,97256.125,0.9451225,1507404.0,
2025,33,일반,아이티켐,화학유기소재,KB증권,1157.98,,1880.77,0.2383,0.5358,0.1544,0.1076,2025.0,,,16100.0,38800.0,1.409937888198758,31050.0,-0.1997422680412371,32450.0,1.015527950310559,81507.0,
2025,34,일반,삼양컴텍,방산,"신한, nh",565.55,,927.97,0.4837,0.7936,0.3714,0.1719685039370078,3175.0,,,7700.0,16010.0,1.0792207792207793,16640.0,0.0393504059962523,16040.0,1.0831168831168831,447431.0,
2025,35,일반,지투지바이오,제약 플랫폼,미래에셋,810.6,,470.11,0.1564,0.5739,0.3541,0.2832369942196532,3114.0,,,58000.0,86500.0,0.4913793103448275,93800.0,0.084393063583815,,,,
2025,36,일반,에스엔시스,조선기자재,신한,739.17,,1472.48,0.2737,0.5392,0.379,0.2974214058636524,2831.0,,,30000.0,51000.0,0.7,45000.0,-0.1176470588235294,50900.0,0.6966666666666667,165820.0,
2025,37,일반,제이피아이헬스케어,의료장비,키움,942.71,,1154.54,0.0303,0.066,0.3095,0.2938295788442703,1021.0,,,20000.0,28000.0,0.4,21700.0,-0.225,28000.0,0.4,55666.0,
2025,38,일반,한라캐스트,정밀부품,대신,832.887,,972.37,0.0582,0.3331,0.3776,0.3262511803588291,2118.0,,,5800.0,7840.0,0.3517241379310344,5920.0,-0.2448979591836734,8223.0,0.4177586206896552,81430.0,
2025,39,일반,그래피,치과교정,"kb, 신한",182.15,,39.4,,,0.3775,0.3822463768115942,1656.0,,,15000.0,11600.0,-0.2266666666666666,11260.0,-0.0293103448275862,,,,
2025,40,일반,에스투더블유,ai데이터,대신,1145.4,,1972.62,0.2286,0.7264,0.3107,0.2319255547602004,1397.0,,,13200.0,26800.0,1.0303030303030305,23950.0,-0.1063432835820895,26000.0,0.9696969696969696,101678.0,
2025,41,일반,명인제약,제약,KB증권,488.95,,587.0,0.6208,0.8974,0.2153,0.1126,8468.0,,,58000.0,119800.0,1.0655172413793104,121900.0,0.0175292153589315,119909.0,1.067396551724138,678972.0,
2025,42,일반,노타,AI플랫폼,미래에셋,1058.2,,2781.5,0.597,0.912,0.2912,0.1963,1925.0,,,9100.0,22500.0,1.4725274725274726,31000.0,0.3777777777777777,23000.0,1.5274725274725274,180242.0,
2025,43,일반,이노테크,검사장비,KB증권,1072.41,,2427.23,0.5603,0.894,0.325,0.1919,1305.0,,,14700.0,50300.0,2.421768707482993,58800.0,0.1689860834990059,50500.0,2.435374149659864,142897.0,
2025,44,일반,큐리오시스,바이오,키움,1031.39,,2203.97,0.6757,0.9789,0.3296,0.2192,1673.0,,,22000.0,88000.0,3.0,88000.0,0.0,92714.28571428572,3.214285714285714,493937.0,
2025,45,일반,더핑크퐁컴퍼니,완구,"미래, 삼성",615.89,,848.0,0.3042,0.719,0.3384,0.2664588300018338,5453.0,,,38000.0,58000.0,0.5263157894736842,41550.0,-0.2836206896551724,59200.0,0.5578947368421052,211091.0,
2025,46,일반,그린광학,광학소재,신영,962.34,,1199.91,0.6543,0.9524,0.3246,0.2425,1872.0,,,16000.0,54000.0,2.375,22850.0,-0.5768518518518518,,,,
2025,47,일반,씨엠티엑스,반도체 소재,미래,756.19,,1833.02,0.7177,0.962,0.32,0.2418894830659536,5610.0,,,60500.0,152000.0,1.512396694214876,131600.0,-0.1342105263157894,151700.0,1.5074380165289256,363868.0,
2025,48,일반,아로마티카,기능성 화장품,신한투자,1152.98,,2864.67,0.5801,0.909,0.3137,0.1643,1017.0,,,8000.0,27500.0,2.4375,19920.0,-0.2756363636363636,29300.0,2.6625,212011.0,
2025,49,일반,에임드바이오,바이오,미래,671.98,,1736.77,0.7422,0.968,0.2414,0.168626895281281,7057.0,,,11000.0,44000.0,3.0,44000.0,0.0,44000.0,3.0,757446.0,
2025,50,일반,테라뷰홀딩스,반도체 장비,삼성증권,646.0,,42.75,0.1019,0.763,0.341,0.2604716649067229,2841.0,,,8000.0,12000.0,0.5,16000.0,0.3333333333333333,,,,
2025,51,일반,페스카로,모빌리티 보안,"NH, 한화",1173.21,,1430.3,0.1043,0.6622,0.3218,0.255,1497.0,,,15500.0,45000.0,1.903225806451613,27100.0,-0.3977777777777778,45150.0,1.9129032258064516,88747.0,
2025,52,일반,이지스,소프트웨어,NH투자,1109.86,,546.14,0.0631,0.6456,0.2713,0.1953,1433.0,,,15000.0,32000.0,1.1333333333333333,20500.0,-0.359375,,,,
2025,53,일반,티엠씨,"케이블(방산,dc,선박)",미래에셋,959.96,,1305.47,0.5342,0.8559,0.2155,0.1122,2241.0,,,9300.0,22550.0,1.424731182795699,16770.0,-0.2563192904656319,21292.85714285714,1.2895545314900152,418612.0,
2025,54,일반,쿼드메디슨,의약 플랫폼,nh투자,1139.61,,607.39,0.1782,0.7198,0.399,0.3235,1701.0,,,15000.0,23950.0,0.5966666666666667,17630.0,-0.2638830897703549,,,,
2025,55,일반,아크릴,ax인프라,신한투자,790.49,,1129.83,0.5275,0.912,0.363,0.1773778920308483,1556.0,,,19500.0,45900.0,1.353846153846154,67000.0,0.4596949891067538,,,,
2025,56,일반,알지노믹스,바이오,"NH, 삼성",848.91,,1871.43,0.7429,0.828,0.3527,0.2594507269789984,3095.0,,,22500.0,90000.0,3.0,90000.0,0.0,152100.0,5.76,905573.0,
2025,57,일반,삼진어묵,식품,대신,1303.87,,3224.76,0.4105,0.7713,0.3757,0.2591,754.0,,,7600.0,22900.0,2.013157894736842,19210.0,-0.1611353711790393,22800.0,2.0,90726.0,
2025,58,일반,나라스페이스테크놀로지,항공우주,삼성증권,879.0,,699.64,0.0553,0.2353,0.3241,0.2978947368421052,1900.0,,,16500.0,34000.0,1.0606060606060606,27150.0,-0.2014705882352941,,,,
2025,59,일반,리브스메드,의료기기,"미래, 삼성",231.87,,390.0,0.1712,0.417,0.324,0.2939226519337016,13575.0,,,55000.0,66000.0,0.2,49600.0,-0.2484848484848484,,,,
2025,60,일반,세미파이브,반도체 설계,삼증,436.89,,967.6,0.4393,0.7048,0.3696,0.2849020456090476,8090.5,,,24000.0,41700.0,0.7375,27650.0,-0.3369304556354916,41400.0,0.725,242423.0,
2024,1,일반,우진엔텍,계측설비,KB,1263.0,,2707.18,0.17,0.443,0.177,0.123,491.0,,,,21200.0,3.0,21200.0,0.0,26037.5,3.912735849056604,82764.0,
2024,2,일반,HB인베스트먼트,벤처캐피털,NH,838.0,,892.56,0.077,0.176,0.3381,0.3054,913.0,,,,10100.0,1.9705882352941175,6700.0,-0.3366336633663366,10100.0,1.9705882352941175,46773.0,
2024,3,일반,현대힘스,조선기자재,미래에셋,680.8,,1221.48,0.119,0.3334,0.22,0.167,2542.0,,,,29200.0,3.0,29200.0,0.0,28116.666666666668,2.851598173515982,311482.0,
2024,4,일반,포스뱅크,기계제조,하나증권,839.0,,1397.07,0.062,0.1236,0.297,,1684.0,,,,47550.0,1.6416666666666666,23350.0,-0.508937960042061,,,,
2024,5,일반,이닉스,2차전지부품,삼성증권,670.6,,1997.2,0.2531,0.461,0.3142,0.189,1270.0,,,,46550.0,2.325,37100.0,-0.2030075187969924,46550.0,2.325,227254.0,
2024,6,일반,스튜디오삼익,가구,DB금융,966.9,,2649.59,0.0555,,0.2454,,760.0,,실적대비 비싸다,,52000.0,1.8888888888888888,39900.0,-0.2326923076923077,,,,
2024,7,일반,코셈,전자현미경,키움증권,1267.6,,2518.4,0.1004,0.37,0.3408,0.296,905.9,,상단 초과,,42000.0,1.625,25550.0,-0.3916666666666666,43920.0,1.745,139185.0,
2024,8,일반,이에이트,디지털트윈,한화투자,630.64,,381.16,0.0235,,0.406,,1893.0,,상단 초과,,26150.0,0.3075,22600.0,-0.135755258126195,,,,
2024,9,일반,케이웨더,기상데이터,NH,1362.5,,1988.834,0.0393,0.147,0.3622,0.355,696.0,,상단 초과,,19920.0,1.8457142857142856,16600.0,-0.1666666666666666,20000.0,1.8571428571428572,38892.0,
2024,10,일반,에이피알,뷰티테크,신한/하나,663.18,,1112.43,0.2904,0.5221,0.3586,0.354,18960.0,,상단 초과,,445500.0,0.782,317500.0,-0.287317620650954,,,,
2024,11,일반,케이엔알시스템,유압로봇,"db, nh투자",873.2,,2774.67,0.1593,0.6717,0.3141,0.244,1467.0,,상단초과,,37400.0,1.7703703703703704,27050.0,-0.2767379679144385,37400.0,1.7703703703703704,142997.0,
2024,12,일반,오상헬스케어,체외진단,nh투자,993.21,,2126.13,0.0285,0.0769,0.3526,0.3652,2820.0,,상단초과,,33250.0,0.6625,29350.0,-0.1172932330827067,33500.0,0.675,26880.0,
2024,13,일반,삼현,자동차 부품,한국투자,649.11,,1645.13,0.1064,0.517,0.1841,0.117,3170.0,,상단초과,,67000.0,1.2333333333333334,47000.0,-0.2985074626865671,44350.0,0.4783333333333333,71343.0,
2024,14,일반,엔젤로보틱스,로봇,nh투자,1157.1,,2242.02,0.1667,0.463,0.3,0.27,2803.0,,상단초과,,50500.0,1.525,65000.0,0.2871287128712871,50600.0,1.53,91527.0,
2024,15,일반,아이엠비디엑스,ai의료,미래에셋,865.73,,2654.2,0.045,0.198,0.2099,0.187,1819.0,,상단 초과,,28550.0,1.196153846153846,36000.0,0.2609457092819615,29200.0,1.2461538461538462,113033.0,
2024,16,일반,제일엠앤에스,2차전지 장비,kb증권,645.91,,1438.96,0.0549,0.2015,0.1739,0.178,4532.0,,상단초과,,37700.0,0.7136363636363636,27000.0,-0.2838196286472148,,,,
2024,17,일반,디앤디파마텍,제약,한국투자,848.5,,1543.97,0.1096,0.3996,0.2537,0.237,3442.0,,상단초과,,49250.0,0.4924242424242424,36500.0,-0.2588832487309644,49950.0,0.5136363636363637,33718.0,
2024,18,일반,민테크,ess 진단 시스템,kb증권,946.73,,1529.43,0.0423,0.078,0.2862,0.2804,2558.0,,상단 초과,,14900.0,0.419047619047619,12880.0,-0.1355704697986577,15250.0,0.4523809523809524,42503.0,
2024,19,일반,코칩,초소형 이차전지,한국투자,988.32,,734.49,0.1319,0.4502,0.2485,0.1978,1530.0,,상단 초과,,33000.0,0.8333333333333334,28450.0,-0.1378787878787878,33000.0,1.5384615384615383,14941.0,
2024,20,일반,hd현대마린,조선as,"kb, 신한, 하나",201.13,,225.4,0.4578,0.552,0.1587,0.1023,370000.0,,상단,,119900.0,0.4376498800959232,163900.0,0.3669724770642202,120040.0,0.4393285371702637,546133.0,
2024,21,일반,아이씨티케이,보안 반도체 설계,nh투자,783.2,,1107.95,0.0654,0.1365,0.3211,,2624.0,,상단초과,,19990.0,-0.0005,28700.0,0.4357178589294647,23400.0,0.17,23506.0,
2024,22,일반,노브랜드,디자인플랫폼,삼성증권,1075.616,,2071.41,0.0451,0.1221,0.2274,0.213,1146.0,,상단초과,,31000.0,1.2142857142857142,54300.0,0.7516129032258064,32100.0,1.292857142857143,144330.0,
2024,23,일반,라메디텍,미용/의료기기,대신,1115.44,,2140.38,0.0993,0.2122,0.3313,0.307,1384.0,,상단초과,,50000.0,2.125,24550.0,-0.509,52000.0,2.25,179020.0,
2024,24,일반,씨어스테크놀로지,의료기술,한국투자,1084.39,,1436.96,0.0206,0.0814,0.2922,0.2858,2089.0,,상단초과,,34450.0,1.026470588235294,18500.0,-0.4629898403483309,,,,
2024,25,일반,한중엔시에스,ESS/EV 부품,IBK투자,725.94,,1000.82,0.1244,0.2084,0.2922,0.2655,2625.0,,상단초과,,45550.0,0.5183333333333333,34000.0,-0.2535675082327113,,,,
2024,26,일반,에스오에스랩,라이다 솔루션,한국투자,1072.3,,2162.65,0.0419,0.2402,0.2973,0.2402,2015.0,,상단초과,,20850.0,0.8130434782608695,14420.0,-0.3083932853717026,20350.0,0.7695652173913043,70502.0,
2024,27,일반,하이젠알앤엠,범용 모터,한국투자,1099.21,,2549.13,0.118,0.3275,0.143,0.1183,2162.0,,상단초과,,18000.0,1.5714285714285714,15160.0,-0.1577777777777777,17720.0,1.5314285714285714,128251.0,
2024,28,일반,에이치브이엠,금속제조,NH투자,837.2,,960.35,0.0668,0.2713,0.3208,0.2833,2142.0,,상단초과,,28650.0,0.5916666666666667,20200.0,-0.2949389179755672,28000.0,0.5555555555555556,49748.0,
2024,29,일반,이노스페이스,위성발사,"미래, 신한",598.87,,1150.72,0.0199,0.0188,0.2967,0.2949,4061.0,,상단,,43900.0,0.0138568129330254,34450.0,-0.2152619589977221,44600.0,0.0300230946882217,2440.0,
2024,30,일반,하스,치과소재,삼성증권,946.4,,2126.46,0.0636,0.2488,0.3296,0.2865,1253.0,,상단초과,,27600.0,0.725,17150.0,-0.3786231884057971,28150.0,0.759375,108886.0,
2024,31,일반,시프트업,게임,"한투, NH, 신한",225.94,,340.99,0.3298,0.4685,0.1802,0.136,34815.0,,상단,,79900.0,0.3316666666666666,71000.0,-0.1113892365456821,,-1.0,,
2024,32,일반,엑셀세라퓨틱스,바이오,대신,1233.8,,517.7,0.045,,0.4731,,1083.0,,상단초과,,12480.0,0.248,8330.0,-0.3325320512820512,,-1.0,,
2024,33,일반,산일전기,전력기기,"미래, 삼성",413.86,,423.09,0.4237,0.6,0.2045,0.141,10655.0,,상단초과,,44900.0,0.2828571428571428,50200.0,0.1180400890868596,42800.0,0.2228571428571428,185322.0,
2024,34,일반,피앤에스미캐닉스,의료로봇,키움,986.08,,1585.92,0.056,,0.3918,,1423.0,,상단초과,,30000.0,0.0,25050.0,-0.165,,,,
2024,35,일반,아이빔테크놀로지,생체현미경,삼성증권,1011.5,,1094.0,0.0049,,0.203,,1496.0,,상단초과,,10000.0,0.0,13360.0,0.336,,,,
2024,36,일반,티디에스팜,바이오,한국투자,1331.2,,1608.0,0.0423,0.3896,0.2332,0.182,719.0,,상단초과,,27000.0,1.0769230769230769,52000.0,0.925925925925926,28950.0,1.226923076923077,74494.0,
2024,37,일반,셀비온,의약품,대신증권,1050.19,,1065.46,0.0864,0.2077,0.3399,0.3165,1910.0,,상단초과,,25400.0,0.6933333333333334,20650.0,-0.187007874015748,,,,
2024,38,일반,인스피언,소프트웨어,한국투자,1069.68,,1538.44,0.0298,0.3409,0.2321,0.1775,1270.0,,상단초과,,20000.0,0.6666666666666666,15820.0,-0.209,19890.0,0.6575,78535.0,
2024,39,일반,한캠,화학물질,"신영,유진",1019.86,,585.4,0.0389,,0.358,,1444.0,,상단초과,,32500.0,0.8055555555555556,22800.0,-0.2984615384615384,,,,
2024,40,일반,와이제이링크,부품,KB,800.57,,961.23,0.0043,,0.2503,,1705.0,,상단초과,,12760.0,0.0633333333333333,21800.0,0.7084639498432602,,,,
2024,41,일반,루미르,우주항공 부품,nh투자,13.1,,130.78,0.0014,,0.2855,,2058.0,,상단이하,,14000.0,0.1666666666666666,14910.0,0.065,,,,
2024,42,일반,씨메스,자동화로봇 Sol.,삼성증권,577.59,,425.3,0.01,,0.3412,,3430.0,,상단초과,,35600.0,0.1866666666666666,23100.0,-0.351123595505618,,,,
2024,43,일반,클로봇,로봇,"미래, 신영",933.9,,1037.41,0.0144,0.017,0.2804,0.2825,3114.0,,상단초과,,12500.0,-0.0384615384615384,10070.0,-0.1944,,,,
2024,44,일반,웨이비스,반도체소재,대신,1159.89,,1126.51,,0.0011,0.3437,,1863.0,,상단초과,,18010.0,0.2006666666666666,10330.0,-0.4264297612437535,18200.0,0.2133333333333333,28183.0,
2024,45,일반,에이럭스,드론/로봇 생산,한국투자,973.12,,,0.0036,,0.3497,,2118.0,,상단초과,,12460.0,-0.22125,9880.0,-0.2070626003210272,,,,
2024,46,일반,성우,이차전지 부품,한국투자,516.19,,,0.0325,,0.2309,,4814.0,,상단초과,,32000.0,0.0,28000.0,-0.125,,,,
2024,47,일반,탑런토탈솔루션,차량부품 ODM,KB증권,841.12,,,0.0173,,0.1276,,3526.0,,상단초과,,,-1.0,,,,-1.0,,
2024,48,일반,에이치엠파마,바이오,신한,1220.68,,,0.0029,,0.298,,1600.0,,상단초과,,,-1.0,,,,-1.0,,
2024,49,일반,에어레인,산업부품,신영,1000.1,,,0.0046,,0.3513,,1880.0,,,,,-1.0,,,,,,
2024,50,일반,닷밀,콘텐츠제작,미래에셋,1082.35,,,0.00225,,0.3452,,1189.0,,상단초과,,,-1.0,,,,-1.0,,
2024,51,일반,위츠,전력반도체,신한투자,997.37,,,0.0023,,0.303,,794.0,,상단,,,-1.0,,,,-1.0,,
2024,52,일반,사이냅소프크,DX,nh투자,1163.2,,,0.0035,,0.2985,,1234.0,,상단,,,-1.0,,,,-1.0,,
2023,1,일반,미래반도체,반도체,신한,1576.0,,938.26,0.0381,0.2494,0.2393,,866.0,,"스몰캡
낮은 유통주식수
(20.27%)
괜찮은 경쟁률
낮은 의무확약",,12000.0,1.0,15600.0,0.3,13130.0,1.1883333333333332,149169.0,
2023,2,일반,스튜디오미르,영상제작,미래에셋,1701.62,,1592.89,0.1646,0.358,0.2488,,1004.0,,"스몰캡
낮은 유통주식수
좋은 경쟁률
괜찮은 의무확약",,39000.0,1.0,50700.0,0.3,50700.0,1.6,124395.0,
2023,3,일반,꿈비,유아가구,키움,1547.13,,1772.59,0.1224,0.4317,0.2529,,397.0,,"괜찮은 수요예측
적은 유통물량(17.6%)
스몰캡
공모가상단오버",,10000.0,1.0,13000.0,0.3,14900.0,1.98,178562.0,
2023,4,일반,이노진,기능성화장품,IBK,1603.33,,1643.88,0.0636,0.119,0.4168,,360.0,,"괜찮은 경쟁률
낮은 의무확약
많은 유통주식
코넥스 이전
스몰캡",,6000.0,1.0,7800.0,0.3,,,,
2023,5,일반,나노팀,전기차 배터리 부품,한국투자,1723.21,,1637.43,0.2564,0.611,0.2179,0.168,2490.0,,,,26000.0,1.0,29800.0,0.1461538461538461,29500.0,1.2692307692307692,98640.0,
2023,6,일반,금양그린파워,신재생에너지,삼성증권,1613.16,,1312.0,0.1819,0.3379,0.2856,0.2228,1211.0,,공모가상단초과,,19000.0,0.9,16200.0,-0.1473684210526315,19010.0,0.901,107656.0,
2023,7,일반,마이크로투나노,반도체장비,한국투자,1717.98,,1636.63,0.1083,0.365,0.556,0.509,917.0,,공모가 상단,,25200.0,0.6258064516129033,20650.0,-0.1805555555555555,29000.0,0.8709677419354839,67205.0,
2023,8,일반,트루엔,디지털영상감시,미래에셋,1688.87,,1481.84,0.0824,0.188,0.3809,0.348,1320.0,,"공모가상단
높은 유통비율
낮은 확약",,19340.0,0.6116666666666667,17200.0,-0.1106514994829369,,,,
2023,9,일반,모니터랩,웹보안플랫폼,미래에셋,1715.41,,1785.12,0.0606,0.188,0.2474,0.231,1215.0,,"공모가상단
환불일 4일",,19600.0,1.0,14200.0,-0.2755102040816326,,,,
2023,10,일반,기가비스,반도체기판,삼성증권,1669.6,,823.63,0.4952,0.7273,0.232,0.144,5451.0,,공모가 상단 초과,,71200.0,0.6558139534883721,79000.0,0.1095505617977528,72300.0,0.6813953488372093,145765.0,
2023,11,일반,진영,마감재 소재,하이증권,1595.7,,1452.32,0.0917,0.3043,0.3024,,855.0,,"공모가 상단초과
애매한 지표
스몰캡",,10000.0,1.0,8680.0,-0.132,3950.0,-0.21,-26427.0,
2023,12,일반,마녀공장,화장품,한국투자,1800.47,,1265.33,0.3857,0.6549,0.1713,0.111,2621.0,,"공모가 상단초과
지표최상",,32000.0,1.0,41600.0,0.3,36469.0,1.2793125,163158.0,
2023,13,일반,알멕,2차전지 부품,NH투자,1697.23,,1355.6,0.5112,0.7724,0.3156,0.235,2983.0,,의무확약 최고,,145400.0,1.908,99500.0,-0.3156808803301238,145400.0,1.908,285318.0,
2023,14,일반,이노시뮬레이션,시뮬레이터,하나증권,1869.47,,2113.78,0.0598,0.1236,0.4424,0.434,1173.0,,,,44850.0,1.99,35000.0,-0.2196209587513935,44900.0,1.9933333333333336,119241.0,
2023,15,일반,필에너지,2차전지 장비,"미래, 삼성",1811.55,,1318.0,0.5924,0.819,0.2781,0.111,3198.0,,"좋은 경쟁률
높은 의무확약
괜찮은 유통비율",,122600.0,2.6058823529411765,114600.0,-0.065252854812398,124500.0,2.661764705882353,451234.0,
2023,16,일반,와이랩,웹툰,한투,1821.64,,1917.0,0.1472,0.395,0.3753,0.32,1427.0,유,"높은 경쟁률
환매청구권
그저그런 의무확약
그저그런 유통비율",,21600.0,1.4,10350.0,-0.5208333333333334,16200.0,0.8,93172.0,
2023,17,일반,센서뷰,통신부품,삼성증권,1673.33,,1568.04,0.074,0.3696,0.3683,0.3266,1167.0,,"괜찮은 경쟁률
그저그런 의무확약
그저그런 유통비율
스몰캡",,12700.0,1.8222222222222224,6830.0,-0.4622047244094488,12810.0,1.846666666666667,16569.0,
2023,18,일반,뷰티스킨,화장품,db투자,1819.7,,2116.03,,,0.2285,,919.0,,공모가 상단초과,,54500.0,1.0961538461538465,32600.0,-0.4018348623853211,,,,
2023,19,일반,버넥트,xr 소프트웨어,대신,1520.08,,1311.65,0.0863,0.2015,0.3552,0.328,1739.0,,,,23600.0,0.475,11700.0,-0.5042372881355932,,,,
2023,20,일반,에이엘티,비메모리 후공정,미래,1835.71,,2512.15,0.1607,0.3284,0.4565,0.426,2122.0,,"경쟁률 좋고
의무확약 보통
유통물량 많다",,31600.0,0.264,22550.0,-0.2863924050632911,26850.0,0.074,5389.0,
2023,21,일반,파로스아이바이오,바이오,한국투자,303.31,,347.44,0.0132,,0.338,,1809.0,,,,14000.0,0.0,8730.0,-0.3764285714285714,15950.0,0.1392857142857143,1919.0,
2023,22,일반,엠아이큐브솔루션,스마트팩토리,한국투자,1888.91,,1695.11,0.2969,0.6578,0.2254,0.118,580.0,,"경쟁률좋고
의무확약좋고
유통가능물량적고
스몰캡",,,-1.0,,,34200.0,1.85,132784.0,
2023,23,일반,파두,팹리스,"NH, 한투,",362.9,,,0.2188,,0.3892,,14896.0,,,,26300.0,-0.1516129032258064,27600.0,0.0494296577946768,,-1.0,,
2023,24,일반,코츠테크놀로지,방산,"한투, 하이",1837.61,,1681.89,0.175,0.5091,0.3409,0.276,660.0,,경쟁률 좋고,,25000.0,0.9230769230769232,,-1.0,23950.0,0.8423076923076923,43606.0,
2023,25,일반,스마트레이더시스템,이미징레이더,대신,1813.42,,1366.3,0.0699,0.2163,0.2692,0.244,1187.0,,"경쟁률좋고
의무확약별로
유통 괜춘
공모가 상단초과",,16110.0,1.01375,,-1.0,16300.0,1.0375,90589.0,
2023,26,일반,시큐레터,사이버보안,대신,1544.73,,,0.0314,,0.2518,,949.0,,,,19000.0,0.5833333333333334,24300.0,0.2789473684210526,,,,
2023,27,일반,밀리의서재,인터넷서점,미래,619.24,,449.56,0.0577,0.406,0.2507,0.194,1866.0,,공모가 상단,,41100.0,0.7869565217391304,41600.0,0.0121654501216545,42300.0,0.8391304347826087,19216.0,
2023,28,일반,아이엠티,반도체 장비,"유진, 유안타",753.5,,476.16,0.2224,0.8162,0.4171,0.294,1102.0,,공모가 상단초과,,28000.0,1.0,20750.0,-0.2589285714285714,26000.0,0.8571428571428571,95376.0,
2023,29,일반,레뷰코퍼레이션,광고대행사,삼성증권,643.7,,657.6,0.21,,0.1987,,1645.0,,공모가 상단초과,,40000.0,1.6666666666666667,23000.0,-0.425,,,,
2023,30,일반,한싹,보안솔루션,KB,840.74,,1437.22,0.1327,0.336,0.2721,0.2092,680.0,,공모가 상단초과,,37350.0,1.988,21500.0,-0.4243641231593039,38450.0,2.076,129366.0,
2023,31,일반,두산로보틱스,로봇,"한투,미래,NH,KB, 키움, 신한",272.03,,524.05,0.516,0.5943,0.2477,0.1838,16853.0,,"공모가 상단
시총 4조 이상",,59100.0,1.273076923076923,51400.0,-0.1302876480541455,59640.0,1.293846153846154,670347.0,
2023,32,일반,퓨릿,반도체 소재,미래,533.08,,1415.77,0.0861,0.2672,0.315,0.265,1796.0,,공모가 상단,,15610.0,0.4588785046728972,14460.0,-0.0736707238949391,16880.0,0.577570093457944,43024.0,
2023,33,일반,신성에스티,2차전지부품,미래,583.5,,1891.4,0.1357,0.4764,0.268,0.1995,2350.0,,,,46050.0,0.7711538461538462,39050.0,-0.1520086862106406,46050.0,0.7711538461538462,119738.0,
2023,34,일반,워트,반도체 장비,키움,793.26,,1781.78,0.1006,0.4214,0.3352,0.264,1047.0,,,,10270.0,0.58,8650.0,-0.1577409931840311,10131.25,0.5586538461538462,57756.0,
2023,35,일반,퀄리타스반도체,반도체설계,한국투자,818.52,,1632.3,0.2225,0.6382,0.2291,0.1928,1837.0,,공모가 상단 초과,,29200.0,0.7176470588235294,20650.0,-0.2928082191780822,29300.0,0.7235294117647059,73443.0,
2023,36,일반,유진테크놀로지,이차전지 부품,nh투자,914.02,,1506.58,0.1764,0.3965,0.3442,0.3334,1064.0,,공모가 상단 초과,,24550.0,0.4441176470588235,21200.0,-0.1364562118126273,24550.0,0.4441176470588235,7501.0,
2023,37,일반,유투바이오,진단,신한,1276.73,,1287.0,0.0235,0.0258,0.3115,0.3096,496.0,,공모가 상단초과,,6000.0,0.3636363636363636,8550.0,0.425,6340.0,0.4409090909090909,17346.0,
2023,38,일반,쏘닉스,통신부품,kb투자,716.5,,773.94,0.0139,0.054,0.3048,0.296,1298.0,,공모가 상단초과,,10000.0,0.3333333333333333,,-1.0,10140.0,0.352,7860.0,
2023,39,일반,비아이매트릭스,ai 소프트웨어,IBK,981.09,,806.75,0.042,,0.2929,,934.0,,공모가 상단초과,,,-1.0,,,,-1.0,,
2023,40,일반,에이직랜드,시스템반도체팹리스,삼성증권,490.02,,759.67,0.2239,0.598,0.292,0.188,2642.0,,공모가 상단초과,,31800.0,0.272,30300.0,-0.0471698113207547,32500.0,0.3,22303.0,
2023,41,일반,에스와이스틸텍,건자재,kb,1113.85,,1001.23,0.067,0.198,0.2548,0.225,551.0,,공모가 상단초과,,3300.0,0.8333333333333334,4065.0,0.2318181818181818,3330.0,0.85,50271.0,
2023,42,일반,캡스톤파트너스,벤처캐피탈,NH투자,952.78,,,0.0019,,0.3334,,534.0,,공모가 상단초과,,,-1.0,,,,-1.0,,
2023,43,일반,ls머티리얼즈,이차전지 소재,"kb, 키움",396.84,,,0.1202,0.3004,0.2916,0.291,4059.0,,,,19940.0,2.3233333333333333,24000.0,0.2036108324974924,21700.0,2.6166666666666667,203526.0,
2023,44,일반,단석,,,,,,,,,,,,,,370000.0,2.7,,-1.0,370000.0,2.7,269250.0,
2022,1,일반,오토앤,모빌리티 플랫폼,미래에셋,1713.0,0.8981900452488688,2395.63,0.0835,0.342,0.2898,,682.0,,"높은 경쟁률
스몰캡
괜찮은 유통비율(23.9%)
공모가 상단초과
낮은 의무확약",,8800.0,0.660377358490566,11400.0,0.2954545454545454,8800.0,0.660377358490566,38728.0,
2022,2,일반,케이옥션,미술품 옥션,신영증권,1637.86,0.9404011461318053,1408.33,0.368,0.8306,0.2253,,1781.0,,"의무확약 대박
유통물량 우수(13.54%)",,40000.0,1.0,52000.0,0.3,,,,
2022,3,일반,애드바이오텍,의약품,대신증권,102.15,0.0459363957597173,27.2,0.0,,0.3585,,636.0,,,,6730.0,-0.0385714285714285,5950.0,-0.1158989598811292,,,,
2022,4,일반,LG에너지솔루션,2차전지,KB증권,2023.37,0.3993963782696177,69.34,0.7739,0.583,0.1453,,702000.0,,"최대어
역대급 수요예측
유통물량8.8%",,598000.0,0.9933333333333332,,-1.0,502250.0,0.6741666666666667,2817421.0,
2022,5,일반,스코넥엔터테인먼트,메타버스,신영증권,1724.66,0.935897435897436,1751.25,0.265,0.5995,0.3268,,1569.0,,"경쟁률 좋고
의무확약 괜춘
유통주식수 아쉽
(26.27%)
공모가 상단초과",,26000.0,1.0,24450.0,-0.0596153846153846,,,,
2022,6,일반,이지트로닉스,전장,NH투자증권,1343.51,0.7110951008645533,887.4,0.02945,,0.43,,1753.0,,"의무확약 나쁨
유통비율 나쁨",,23450.0,0.0659090909090909,25500.0,0.0874200426439232,,,,
2022,7,일반,아셈스,플라스틱제조,한국투자,1618.26,0.869235259778167,2435.07,0.0771,0.4064,0.3976,,881.0,,"경쟁률 좋고
스몰캡
확약 별로
유통물량 별로
(34.5%)",,16000.0,1.0,13500.0,-0.15625,,,,
2022,8,일반,퓨런티어,자율주행센서,신한금투,1535.42,0.9409547738693468,2683.0,0.1108,0.2441,0.2451,,1194.0,,"괜찮은 경쟁률
좋은 밴드초과비율
낮은 유통물량
(20.83%)
스몰캡
살짝 나쁜의무확약
공모가 상단초과",,30000.0,1.0,31200.0,0.04,36700.0,1.4466666666666668,43232.0,
2022,9,일반,풍원정밀,OLED 장비주,대신증권,1556.53,0.5307692307692308,2235.98,0.11,0.383,0.1898,,3198.0,,"괜찮은 경쟁률
매우 좋은 유통주식
(14.8%)
낮은 의무확약
꽤 높은 시총",,20200.0,0.3289473684210526,21450.0,0.0618811881188118,24350.0,0.6019736842105263,54276.0,
2022,10,일반,비씨엔씨,반도체 부품,NH투자증권,1831.23,0.9648271679805944,2686.22,0.2284,0.5691,0.2418,,1608.0,,"높은 경쟁률
낮은 시총
괜찮은 유통주식 수
(16.6%)
괜찮은 의무확약
공모가 상단초과",,26000.0,1.0,22600.0,-0.1307692307692307,27350.0,1.103846153846154,100010.0,
2022,11,일반,유일로보틱스,"로봇, 스마트팩토리",한국투자,1756.45,0.9814713896457764,2535.3,0.1592,0.3981,0.2743,,858.0,,"경쟁률 좋다
시총 낮다
괜찮은 유통주식 수
(20.55%)
공모가 상단초과",,20000.0,1.0,26000.0,0.3,26000.0,1.6,31881.0,
2022,12,일반,세아메카닉스,"TV, 자동차 부품",신한금투,1812.83,0.828151498021481,2475.87,0.0673,0.3349,0.287,,1166.0,,"괜찮은 경쟁률
낮은 의무확약
쏘쏘 유통물량
(22.8%)
낮은 시총",,8800.0,1.0,7600.0,-0.1363636363636363,7480.0,0.7,64319.0,
2022,13,일반,지투파워,스마트그리드,한국투자,1729.63,0.9658263305322128,2029.37,,,,,,,"괜찮은 경쟁률
공모가상단",,32800.0,1.0,35250.0,0.0746951219512195,,,,
2022,14,일반,포바이포,영상콘텐츠 제작,미래에셋,1846.32,0.9033280507131536,3763.37,0.5552,0.8487,0.2066,,1738.0,,"공모가 상단초과
높은 경쟁률
매우좋은 의무확약
적은 유통물량
낮은 시총",,34000.0,1.0,44200.0,0.3,52000.0,2.0588235294117645,104642.0,
2022,15,일반,대명에너지,EPC(풍력),"한투, 삼증",254.74,0.0382022471910112,151.58,0.0118,,0.1471,,2550.0,,"경쟁률 처참
의무확약 처참
유통물량 좋다
공모가하단",,15450.0,0.03,13950.0,-0.0970873786407767,,,,
2022,16,일반,가옵칩스,시스템반도체,대신증권,1847.12,0.9190751445086706,2183.29,0.1474,0.402,0.2832,,1608.0,,"공모가 상단초과
높은 경쟁률
낮은 시총
유통가능물량(23.4%)",,24150.0,0.725,27100.0,0.1221532091097308,24150.0,0.725,70729.0,
2022,17,일반,코난테크놀로지,ai기술,한국투자,1482.6,0.4955527318932655,1386.86,0.0707,,0.2369,,1420.0,,,,,-1.0,,,,-1.0,,
2022,18,일반,영창케미칼,화학제품,하나투자,1616.27,0.5869565217391305,,0.0592,,0.3617,,1881.0,,공모가 상단,,,-1.0,,,,-1.0,,
2022,19,일반,에이치에스피,반도체장비,NH투자증권,1511.36,0.9296131896005072,1159.0,0.4255,0.8076,0.1619,,4937.0,,"공모가 상단
시총이 높다",,50000.0,1.0,43250.0,-0.135,50400.0,1.016,151695.0,
2022,20,일반,성일하이텍,폐배터리,"KB, 대신",2269.68,,1207.07,0.3866,0.5614,0.3457,,5948.0,유,"시총높다
공모가 상단초과
환매청구권",,99900.0,0.998,88200.0,-0.1171171171171171,89900.0,0.798,79033.0,
2022,21,일반,새빗켐,폐배터리,한국투자,1670.9,0.9739671760045274,1724.96,0.3771,0.7484,0.3421,,1664.0,,"괜찮은 경쟁률
좋은 의무확약
괜찮은 유통물량(21.6%)
공모가상단초과",,70000.0,1.0,72500.0,0.0357142857142857,79400.0,1.2685714285714285,88430.0,
2022,22,일반,대성하이텍,공작기계,신한금투,1934.89,0.567342073897497,1136.4,0.0457,,0.3415,,1195.0,,"경쟁률좋고
스몰캡
지표들 다소나쁘고
공모가 상단",,13000.0,0.4444444444444444,14600.0,0.123076923076923,13100.0,0.4555555555555555,73258.0,
2022,23,일반,쏘카,렌트,미래에셋,56.07,0.0028735632183908,14.4,0.0018,,0.1451,,9163.0,,,,28000.0,0.0,26300.0,-0.0607142857142857,,,,
2022,24,일반,모델솔루션,금형(기계),KB증권,1725.78,0.8450460829493087,1514.8,0.0812,0.1758,0.1523,,1727.0,,"공모가 상단
유통물량 13.2%",,29500.0,0.0925925925925925,30900.0,0.047457627118644,33300.0,0.2333333333333333,18671.0,
2022,25,일반,이노룰스,금융SW,NH투자,1495.69,0.7529411764705882,781.31,0.0602,,0.4252,,643.0,,공모가 상단,,,-1.0,,,,,,
2022,26,일반,오에스피,동물용 사료,대신증권,1582.84,0.5238678090575275,1018.61,0.0466,,0.3448,,785.0,,공모가 상단,,,-1.0,,,,,,
2022,27,일반,탑머티리얼,시스템 엔지니어링,한국투자,451.49,0.4293948126801152,11.95,0.3096,,0.3097,,2395.0,,공모가 상단,,,-1.0,,,,,,
2022,28,일반,에스비비테크,로봇부품,미래에셋,1655.01,0.8426900584795322,1657.61,0.2683,0.4662,0.341,,737.0,,공모가 상단,,23900.0,0.9274193548387096,31050.0,0.2991631799163179,24500.0,0.9758064516129032,60219.0,
2022,29,일반,뉴로메카,로봇,대신증권,1652.1,,1181.88,0.076,0.1556,0.3415,,1666.0,,"공모가상단
유통물량 32.9%",,24250.0,0.4349112426035503,21050.0,-0.1319587628865979,24450.0,0.4467455621301775,37228.0,
2022,30,일반,티쓰리엔터테인먼트,게임,미래에셋,1744.08,,,0.0403,,0.3158,,1115.0,,"공모가상단
유통물량 32.9%",,,-1.0,,,,-1.0,,
2021,1,일반,엔비티,광고(캐시슬라이드),미래(비례),1425.3,0.8359216745442268,4397.49,0.107,0.249,0.3831,,1579.0,,"미친 경쟁률
공모가 상단 초과
유통비율 24.1%로",,38000.0,1.0,36500.0,-0.0394736842105263,48250.0,1.5394736842105263,116557.0,
2021,2,일반,선진뷰티사이언스,화장품원료,"신한, 삼성(비례)",1431.0,0.8261446582614466,1987.74,0.1783,0.397,0.3246,,703.0,,"스몰캡
높은 수요예측
밴드초과",,23000.0,1.0,29900.0,0.3,28000.0,1.434782608695652,65739.0,
2021,3,일반,모비릭스,모바일게임,"한투, KB(비례)",1407.53,0.8120052770448549,1485.51,0.0573,0.1273,0.3476,,1299.0,,"높은 수요예측
높은 밴드초과
유통비율 30.6%",,28000.0,1.0,36400.0,0.3,33400.0,1.3857142857142857,38647.0,
2021,4,일반,씨앤투스성진,마스크제조,미래,1010.02,0.3913751017087062,647.04,0.017,0.0351,0.5019,,3267.0,유,"지표 안 좋음
환매청구권
균등배정분만?",,31700.0,-0.009375,28700.0,-0.0946372239747634,28676.0,-0.103875,-26590.0,
2021,5,일반,핑거,디지털금융서비스,대신,1453.12,0.8927862342819325,939.39,0.1264,0.2035,0.4669,,1414.0,,균등배정분만,,32000.0,1.0,29100.0,-0.090625,41000.0,1.5625,99300.0,
2021,6,일반,솔루엠,통신모듈,"미래, 하나, 삼성",1167.55,0.8250591016548463,1147.76,0.2079,0.3313,0.4552,,7226.0,,"공모가 상단초과
높은 유통주식비율
IPO 대어",,34000.0,1.0,29150.0,-0.1426470588235294,35862.5,1.1095588235294118,300462.0,
2021,7,일반,와이더플래닛,AI빅데이터,한투(비례),1449.22,0.908436886854153,1357.98,0.0959,0.2064,0.549,,1082.0,,"Pass
높은 경쟁률
많은 유통주식수",,24900.0,0.55625,20000.0,-0.1967871485943775,,,,
2021,8,일반,레인보우로보틱스,로봇,"미래, 대신",1489.9,0.8851828094932649,1201.26,0.199,0.433,0.3263,,1558.0,,"균등배정분만
대부분 지표좋다
유통가능 28.18%",,20000.0,1.0,26000.0,0.3,26000.0,1.6,79549.0,
2021,9,일반,프레스티지바이오파마,바이오시밀러,"삼성, KB(비례)",819.76,0.7425742574257426,237.13,0.1931,0.2632,0.2583,,19230.0,,"IPO 대어
유통주식비율 낮은(대략21.17%)
높은 시가총액",,28800.0,-0.1,32800.0,0.1388888888888889,39112.619047619046,0.2222693452380952,294926.0,
2021,10,일반,아이퀘스트,소프트웨어,미래에셋,1504.02,0.887189292543021,2853.34,0.187,0.389,0.2721,,1084.0,,"공모가 상단초과
낮은 시총
낮은 유통주식수(20.88%)",,22000.0,1.0,20000.0,-0.0909090909090909,22200.0,1.018181818181818,33447.0,
2021,11,일반,피엔에이치테크,디스플레이소재,한투,1454.47,0.9313984168865436,1528.76,0.0958,0.1884,0.4608,,812.0,,"공모가 상단초과
많은 유통주식
낮은 시총",,20500.0,0.1388888888888889,23850.0,0.1634146341463414,25700.0,0.4277777777777777,7641.0,
2021,12,일반,오로스테크놀로지,반도체 테스트,키움증권,1260.0,0.9773531493276716,1033.82,0.3712,0.814,0.2341,,1956.0,,"평범한 경쟁률
의무확약 1등
낮은 유통주식(13.99%)",,42000.0,1.0,54600.0,0.3,50531.818181818184,1.4062770562770563,323505.0,
2021,13,일반,유일에너테크,특수목적 기계,신영증권,1472.69,0.9306204136090728,683.55,0.228,0.6106,0.3077,,1696.0,,"Pass
지표 좋네",,32000.0,1.0,34500.0,0.078125,,,,
2021,14,일반,뷰노,AI의료기기,"미래, 삼성",1457.21,0.8423772609819121,1102.7,0.057,0.238,0.381,,2273.0,,"높은 경쟁률
낮은 의무확약
실적대비 높은 시총",,32900.0,0.5666666666666667,32150.0,-0.0227963525835866,35000.0,0.6666666666666666,41758.0,
2021,15,일반,나노씨엠에스,화폐위조방지,키움증권,1295.75,0.9668386145910096,1243.48,0.0665,0.2943,0.4016,,841.0,,"공모가 상단초과
낮은 의무확약
밴드상단 초과비율
낮은 시총",,33000.0,0.65,23950.0,-0.2742424242424242,30100.0,0.505,10031.0,
2021,16,일반,싸이버원,소프트웨어,키움증권,1303.1,0.9823529411764704,1880.43,0.097,0.4052,0.329,,440.0,,"밴드상단 초과비율
낮은 의무확약
낮은 시총",,18000.0,0.8947368421052632,21200.0,0.1777777777777777,16250.0,0.7105263157894737,46979.0,
2021,17,일반,네오이뮨텍,면역항암제,"미래에셋, 하나금투",1374.09,0.961229946524064,664.65,0.2554,0.605,0.2612,,7385.0,,"밴드상단 초과비율
높은 의무확약
낮은 유통비율
(19.2%)",,15000.0,1.0,14350.0,-0.0433333333333333,16931.25,1.2575,150258.0,
2021,18,일반,바이오다인,의료용기기,대신,1364.85,0.9567010309278352,48.36,0.088,,0.2924,,1850.0,유,"낮은 의무확약
괜찮은 유통비율
나름 스몰캡
환매청구권(6M)",,40000.0,0.3333333333333333,42600.0,0.065,,,,
2021,19,일반,sk바이오사이언스,CMO,NH 외 5곳,1275.47,0.7752732240437158,335.4,0.5992,0.8527,0.2557,,49725.0,,"높은 경쟁률
높은 의무확약
낮은 유통비율
(11.5%)",,130000.0,1.0,169000.0,0.3,186366.66666666663,1.8671794871794871,1815265.0,
2021,20,일반,라이프시맨틱스,소프트웨어,한국투자,1402.17,0.9174496644295302,1774.57,0.0378,0.1487,0.4768,,1222.0,,"괜찮은 경쟁률
밴드상단 초과비율
낮은 의무확약
높은 유통비율(46.54)
낮은 시총",,25000.0,1.0,17500.0,-0.3,23000.0,0.84,20895.0,
2021,21,일반,자이언트스탭,메타버스,한국투자,1691.65,0.9643515673017824,2342.0,0.2442,0.4916,0.3086,,1037.0,,"높은 경쟁률
밴드상단 초과비율
높은 의무확약
낮은 유통비율(26%)
낮은 시총
핫한 업종",,22000.0,1.0,28600.0,0.3,31450.0,1.8590909090909091,40756.0,
2021,22,일반,앤시스,2차전지 설비,미래에셋,1467.73,0.9083870967741936,2574.0,0.2173,0.6471,0.2925,,1976.0,,"좋은 지표
핫한 업종
유통비율(18.5%)",,38000.0,1.0,31400.0,-0.1736842105263158,44000.0,1.3157894736842106,124494.0,
2021,23,일반,이삭엔지니어링,스마트팩토리,신한금융,1427.15,0.6073089700996678,2200.0,0.2073,0.4974,0.2473,,897.0,,"유통비율(16.5%)
신한금투 서버터짐",,23000.0,1.0,26150.0,0.1369565217391304,,,,
2021,24,일반,해성티피씨,감속기 제조,한국투자,1508.95,0.9713375796178344,2053.27,0.1605,0.3538,0.2115,,601.0,,"높은 경쟁률
낮은 시총
유통비율(11.1%)
공모가 상단초과",,26000.0,1.0,33800.0,0.3,33300.0,1.5615384615384615,40447.0,
2021,25,일반,쿠콘,데이터베이스,"삼성, 하나",1594.61,0.9550063371356148,1596.35,0.309,0.572,0.4105,,3580.0,,"비싼 공모가
높은 유통비율(34.7%)
높은 경쟁률",,80000.0,0.7777777777777778,65500.0,-0.18125,81425.0,0.8094444444444444,144933.0,
2021,26,일반,SK IET,2차전지 분리막,미래 외 4곳,1882.88,0.6280276816608996,288.17,0.632,0.646,0.24,,74862.0,,"대어
낮은 유통비율(13%)
높은 공모가(시총)",,210000.0,1.0,154500.0,-0.2642857142857143,176500.0,0.680952380952381,924140.0,
2021,27,일반,씨앤씨인터내셔널,화학제품,NH/삼성/대신,1029.14,0.3131557707828894,898.03,0.0528,0.1215,0.2429,,2806.0,,"낮은 경쟁률
지표는 별로
낮은 유통비율(22.3%)
PER 30배 수준",,47250.0,-0.0052631578947368,41150.0,-0.1291005291005291,51700.0,0.0884210526315789,16325.0,
2021,28,일반,샘씨엔에스,전자부품,대신증권,1537.67,0.8996372430471584,1104.29,0.2607,0.446,0.2724,,3263.0,,"공모가 상단 초과꽤 
실적대비 높은 시총
괜찮은 유통비율
(19.5%)
높은 경쟁률
괜찮은 의무확약",,6400.0,-0.0153846153846153,8320.0,0.3,6631.0,0.0201538461538461,3610.0,
2021,29,일반,삼영에스앤씨,부품,미래에셋,1762.39,0.8986442866365397,2392.85,0.1527,0.439,0.3553,,611.0,,"스몰캡
높은 수요예측
평범한 의무확약
평범한 유통물량",,22000.0,1.0,28600.0,0.3,,,,
2021,30,일반,제주맥주,맥주,대신증권,1356.43,0.8838977194194886,1748.25,0.0547,0.134,0.3216,,1791.0,,"평범한 지표
소소한 시가총액
적자기업
높은 청약경쟁률
최근 관심업종
(30.66%)",,4780.0,0.49375,4900.0,0.0251046025104602,5097.0,0.5928125,67527.0,
2021,31,일반,에이디엠코리아,CRO(임상수탁),하나금융,1515.98,0.9714100064977258,4689.8,0.1235,0.475,0.1989,,829.0,,"공모가 상단초과
스몰캡
높은 경쟁률
낮은 유통물량(14.03%)",,7600.0,1.0,9880.0,0.3,9656.470588235294,1.5411764705882351,99173.0,
2021,32,일반,엘비루셈,반도체 제조,"한투, KB",1419.23,0.6835839598997494,824.51,0.0448,0.1048,0.2439,,3444.0,,"낮은 의무확약
적은 유통물량(22.47%)",,18000.0,0.2857142857142857,,-1.0,18400.0,0.3142857142857143,8716.0,
2021,33,일반,라온테크,로봇제조,KB증권,1526.2,0.9452908587257618,779.1,0.089,0.251,0.5424,,879.0,,"코넥스이전
(25,000원)
스몰캡
유통물량 과다(54%)
낮은 의무확약",,20250.0,0.125,20500.0,0.0123456790123456,,,,
2021,34,일반,이노뎁,소프트웨어,하이투자,1573.93,0.7878542510121458,692.12,0.0605,0.2481,0.5478,,1251.0,,"유통물량 과다
낮은 의무확약
괜찮은 경쟁률",,22200.0,0.2333333333333333,18050.0,-0.1869369369369369,,,,
2021,35,일반,아모센스,"전장, IoT 부품",신한금융,116.79,0.1495601173020528,26.56,0.0257,,0.325,,1388.0,,"적자기업
밴드하단",,12250.0,-0.0120967741935483,15900.0,0.2979591836734694,,,,
2021,36,일반,오비고,소프트웨어,NH투자,1123.74,0.6396694214876033,1485.15,0.0768,,0.4827,,1613.0,,"공모가 상단
좋은지표가 없다",,19200.0,0.3426573426573426,20700.0,0.078125,,,,
2021,37,일반,에스디바이오센서,"진단키트, 대어","한투, NH",1143.76,0.2455003599712023,274.02,0.1245,0.315,0.3282,,53701.0,,"진단키트 대장
낮은 밴드초과비율
애매한 확약
소소한 유통물량(29.74%)",,57000.0,0.0961538461538461,61000.0,0.0701754385964912,60400.0,0.1615384615384615,74311.0,
2021,38,일반,큐라클,혈관치료제,삼성증권,1219.27,0.6327160493827161,1546.9,0.07228,0.1359,0.3891,,3339.0,,"전부 애매
의무확약 낮다
(39.3%)",,36500.0,0.46,30650.0,-0.1602739726027397,37350.0,0.494,61315.0,
2021,39,일반,맥스트,메타버스,하나금융,1587.01,0.9552147239263804,6762.75,0.3913,0.8135,0.3145,,1280.0,,"낮은 시총
높은 경쟁률
높은 의무확약
(28% 유통)",,30000.0,1.0,39000.0,0.3,67266.66666666667,3.4844444444444447,156327.0,
2021,40,일반,에브리봇,로봇청소기,NH투자,576.74,0.1709511568123393,,0.0067,,0.3434,,2237.0,,,,33050.0,-0.0994550408719346,30300.0,-0.0832072617246596,,,,
2021,41,일반,카카오뱅크,은행,KB증권,1732.83,0.3839232153569286,182.7,0.4528,0.5982,0.2685,,185289.0,,"높은 경쟁률
높은 확약비율
괜찮은 유통(22.5%)
너무 큰 시총",,53700.0,0.3769230769230769,69800.0,0.2998137802607076,53570.0,0.3735897435897436,332225.0,
2021,42,일반,에이치케이이노엔,제약,"한투, 삼증",1871.36,0.3294406883835279,388.9,0.1349,0.266,0.28,,17054.0,,"수요예측 좋다
시총이 다소 높다
의무확약 낮다
실적괜춘(870억)",,68100.0,0.1542372881355932,68500.0,0.0058737151248164,,,,
2021,43,일반,원티드랩,채용,한투,1503.91,0.656856606136506,1731.23,0.1077,0.4346,0.2591,,1646.0,,"수요예측 괜춘
시총 낮고
유통물량 적고
의무확약 살짝별로",,70000.0,1.0,91000.0,0.3,,,,
2021,44,일반,크래프톤,게임,,243.15,0.0950080515297906,7.79,0.2205,0.449,0.4025,,243512.0,,,,448500.0,-0.0993975903614457,454000.0,0.0122630992196209,,,,
2021,45,일반,플래티어,IT,"kb증권, 하나",1631.0,0.9251918158567776,2498.8,0.183,0.3033,0.2839,,909.0,,"수요예측 좋고
시총작고
유통물량 괜춘(24.5%)",,22000.0,1.0,28600.0,0.3,33900.0,2.081818181818182,68467.0,
2021,46,일반,딥노이드,의료AI,KB증권,1179.07,0.3494271685761047,834.9,0.0729,0.1339,0.4184,,1941.0,,"수요예측 다소나쁨
시총 애매
유통물량많아(43.9%)",,72000.0,0.7142857142857143,50400.0,-0.3,56800.0,0.3523809523809524,14670.0,
2021,47,일반,롯데렌탈,렌터카,"한국투자, NH",217.63,0.1115485564304462,65.81,0.1465,0.093,0.3149,,21614.0,,"수요예측 별로
확약 살짝별로
유통물량 쏘쏘(29.24%)
시총 꽤 높다",,57500.0,-0.0254237288135593,55500.0,-0.0347826086956521,,-1.0,,
2021,48,일반,아주스틸,철강,미래에셋,1776.9,0.6127450980392157,1419.73,0.1634,0.207,0.2291,,3994.0,,"수요예측 괜찮음
확약쏘쏘
유통물량 적음
(19.69%)
실적대비시총낮음",,30200.0,1.0,33500.0,0.1092715231788079,37727.77777777778,1.4985283296541576,202860.0,
2021,49,일반,브레인즈컴퍼니,소프트웨어,키움증권,1428.8,0.8321167883211679,1190.39,0.0893,0.4226,0.3442,,1027.0,,"시총 낮음
수요예측 쏘쏘
유통물량 쏘쏘
(29.9%)
확약 아쉽",,50000.0,1.0,65000.0,0.3,60400.0,1.416,35262.0,
2021,50,일반,바이젠셀,의약품,"대신, KB",1271.21,0.4393624393624393,886.2,0.1361,0.418,0.4658,,4970.0,,다 나쁨,,73500.0,0.3946869070208729,59500.0,-0.1904761904761904,62400.0,0.1840607210626186,9434.0,
2021,51,일반,일진하이솔루스,복합소재,"삼성, 미래, 대신",1471.01,0.8280571073867163,654.5,0.6152,0.777,0.24,,12455.0,,"수요예측 지표 좋다
유통물량만 더 줄면
(16.48%)",,68700.0,1.0029154518950438,89100.0,0.296943231441048,92530.0,1.697667638483965,578350.0,
2021,52,일반,에이비온,생명,미래,139.36,0.1142857142857142,30.66,0.043,0.0692,0.4521,,,,최악 패스,,16800.0,-0.0117647058823529,15700.0,-0.0654761904761904,,,,
2021,53,일반,와이엠텍,전기차 부품,KB증권,1696.19,0.9662576687116564,2939.57,0.3162,0.6828,0.4293,,1510.0,,"경쟁률 좋음
의무확약 좋음
유통물량 많다(37.61%)",,56000.0,1.0,59000.0,0.0535714285714285,65000.0,1.3214285714285714,36851.0,
2021,54,일반,SK리츠,리츠,"삼증, 한투",451.6,,552.0,0.2371,,,,,,일반 공모주와 다름,,5340.0,0.068,5780.0,0.0823970037453183,5370.952380952381,0.0741904761904761,7729.0,
2021,55,일반,현대중공업,조선,"한투, 미래, KB, 
하나, 삼증, 대신",1835.87,0.2982241273729332,405.5,0.531,0.603,0.1622,,53264.0,,"시총 크다
경쟁률 좋고
의무확약높고
유통물량 적고(9.5%)",,111000.0,0.85,111500.0,0.0045045045045045,122701.0,1.0450166666666667,501610.0,
2021,56,일반,바이오플러스,의약품,키움증권,1220.2,0.7794759825327511,1206.63,0.0781,0.4477,0.5005,,4381.9,,"경쟁률 쏘쏘
의무확약 별로
유통물량 많다
시총도 애매",,39500.0,0.2539682539682539,32450.0,-0.1784810126582278,,,,
2021,57,일반,실리콘투,상품도매,"미래, 삼증",1437.63,0.6996415770609319,1701.0,0.0837,0.1965,0.3593,,2728.0,,"경쟁률 괜춘
유통비율 괜춘(35.1%)
의무확약이 별로",,38500.0,0.4154411764705882,29000.0,-0.2467532467532467,,,,
2021,58,일반,원준,2차전지 장비,NH투자,1464.1,0.8294679399727148,1623.28,0.443,0.8145,0.3894,,3263.0,유,"환매청구권
경쟁률 좋다
의무확약 좋다
유통조금나쁨(27.2%)
시총조금나쁨
공모가 상단초과",,102000.0,0.5692307692307692,87000.0,-0.1470588235294117,110700.0,0.703076923076923,45446.0,
2021,59,일반,아스플로,반도체 소재,미래에셋,2142.7,0.8558338423946243,2818.0,0.1209,0.39,0.4274,,1111.0,,"공모가 상단초과
경쟁률 예술
스몰캡
의무확약 별로
유통물량 많음(39.7%)",,36000.0,0.44,28350.0,-0.2125,,,,
2021,60,일반,씨유테크,스마트폰 소재,대신,1565.03,0.9574607329842932,,0.1415,0.364,0.3208,,1059.0,,"좋은 경쟁률
괜찮은 유통물량(21.6%)
스몰캡
아쉬운 의무확약
상단초과",,12000.0,1.0,8400.0,-0.3,7040.0,0.1733333333333333,10101.0,
2021,61,일반,지아이텍,2차전지 소재,미래에셋,2068.17,0.8804100227790432,2968.36,0.2529,0.553,0.3087,,1102.0,,"스몰캡
유통물량 적음
(19.5%)
공모가 상단초과",,28000.0,1.0,36400.0,0.3,,,,
2021,62,일반,차백신연구소,생명공학,삼성증권,206.23,0.1080508474576271,42.16,0.0194,,0.3487,,2907.0,,"경쟁률 최악
의무보유 최악
공모가 하단",,11700.0,0.0636363636363636,13000.0,0.1111111111111111,,,,
2021,63,일반,지앤비에스엔지니어링,반도체 기계부품,삼성증권,1134.34,0.5028571428571429,1479.9,0.0438,,0.4812,,1246.0,,,,24000.0,0.3793103448275862,19200.0,-0.2,,,,
2021,64,일반,엔켐,2차전지 소재,"신한, 대신",1647.4,0.9105171411969784,1275.69,0.6445,0.8390000000000001,0.315,,6345.0,,"업종좋고
경쟁률 좋고
의무확약좋다
유통물량 좋다(24.9%)
시총 아쉽",,81600.0,0.9428571428571428,80000.0,-0.0196078431372549,79980.0,0.9042857142857142,188193.0,
2021,65,일반,카카오페이,페이,"삼성, 대신, 한투, 신한",1714.47,0.288673139158576,29.6,0.7044,0.59,0.3733,,117330.0,,"경쟁률 좋고
의무확약 예술
유통물량 아쉽
(34.6%)
시총 아쉽",,180000.0,1.0,193000.0,0.0722222222222222,189000.0,1.1,294579.0,
2021,66,일반,피코그램,정수기 필터,IBK투자,1472.19,0.6350900600400267,1520.35,0.1297,0.2095,0.3293,,382.0,,"기관 경쟁률 쏘쏘
유통물량 쏘쏘
(29.2%)
스몰캡
의무확약 별로",,25000.0,1.0,18600.0,-0.256,,,,
2021,67,일반,디어유,엔터,한국투자,2001.11,0.9319342030629608,1598.15,0.3746,0.8351,0.2572,,5239.0,,"경쟁률 좋고
의무확약 좋고
유통물량 좋고
(17.5%)
시총 아쉽",,52000.0,1.0,66500.0,0.2788461538461538,66275.0,1.5490384615384616,160483.0,
2021,68,일반,아이티아이즈,금융플랫폼,신한금투,1601.14,0.8251959011452682,633.61,0.0911,0.4373,0.2378,,855.0,,"경쟁률 괜춘
의무확약 아쉽
유통물량 좋다
-온니공모물량
(16.6%)
시총 좋다",,28600.0,1.0,20050.0,-0.2989510489510489,20900.0,0.4615384615384615,6552.0,
2021,69,일반,비트나인,그래프유,하나금융,1662.29,0.94884287454324,590.0,0.0597,0.3153,0.419,,1139.0,,"경쟁률 괜춘
시총작다
의무확약 나쁨
유통물량 나쁨
(37.3%)
밴드상단 초과",,15250.0,0.3863636363636363,11400.0,-0.2524590163934426,15400.0,0.4,4365.0,
2021,70,일반,지오엘리먼트,부품소재,NH투자,1613.84,0.9787671232876712,1537.0,0.1524,0.4609999999999999,0.236,,619.0,,"경쟁률 괜춘
유통물량 좋음
(16.4%)
시총 매우좋음
밴드상단 초과",,20000.0,1.0,15900.0,-0.205,22900.0,1.29,38542.0,
2021,71,일반,트윔,AI비전검사,대신증권,1627.34,0.9240430622009568,2266.84,0.3147,0.3628,0.315,,1596.0,,"경쟁률 괜춘
의무확약 갠춘
유통가능물량괜춘
(26.9%)
시총 괜찮음",,44000.0,1.0,41100.0,-0.0659090909090909,45100.0,1.05,91631.0,
2021,72,일반,알비더블유,엔터,미래에셋증권,1719.61,0.8923337091319054,3706.8,0.1598,0.472,0.3236,,1697.0,,"경쟁률 미침
의무확약 아쉽
유통물량 쏘쏘
(26.7%)
시가총액 쏘쏘",,42800.0,1.0,38950.0,-0.0899532710280373,49250.0,1.3014018691588785,83211.0,
2021,73,일반,케이티비네트워크,기타금융,한국투자,50.19,0.0987654320987654,327.26,0.0694,0.05,0.2,,5800.0,,"경쟁률 최악
시가총액 별로
의무확약 별로
유통물량 좋음",,6030.0,0.0396551724137931,5350.0,-0.1127694859038142,,,,
2021,74,일반,래몽래인,드라마제작,IBK투자,1545.68,0.9619289340101524,,0.1775,,0.4184,,937.0,,"경쟁률 괜춘
시가총액 좋음
유통물량 별로
상단 초과",,,-1.0,,,,,,
